"-1_ cross couped; lion; =; = {AG, GA}.jpg",23
"-1_ lion q.f. collet√©; barry; =; =  {GA, OS}.jpg",34
"-1_A G cinquefoil.jpg",1
"-1_A G vairy.jpg",-4
"-1_A S 3 moor's heads.jpg",5
"-1_A S barry.jpg",-7
"-1_B OAA 3 fleurs-de-lis & bend sn & label.jpg",44
"-1_G O roundelly.jpg",-5
"-1_S O cross engrailed.jpg",4
"1_G A saltire.jpg",35
"40_G AO bend betw 6 crowns.jpg",30
"87_G A cross.jpg",26
"301_A S 3 lions.jpg",29
"548_B OO lion, billety.jpg",36
"598_G A fess.jpg",-22
"836_O G bend.jpg",-13
"1413_B O 2 lions passt guard, billety.jpg",-19
"1428_A B chief.jpg",30
"1988_G A key in pale.jpg",32
"2271_G A fess.jpg",26
"2369_O G pale.jpg",28
"2455_G AO 2 swords erect, crusily.jpg",33
"2468_G O wheel.jpg",25
"2469_O GS cross acc. martlet in chf dx.jpg",25
"2471_A G 3 pales.jpg",27
"2496_G O 3 chevrons.jpg",18
"2596_O G fretty.jpg",19
"2601_G OO bend betw 2 lions per bend.jpg",28
"2657_G AS talbot's head collared.jpg",21
"2713_G A eagle cr.jpg",43
"2723_O G chief.jpg",23
"2736_A S 2 lions passt guard cowardly.jpg",24
"2740_G A pale.jpg",25
"2744_G A nettleleaf.jpg",38
"2752_B A 3 roses.jpg",17
"2760_G A fess disjointed dx.jpg",24
"2776_S O griffin segreant.jpg",28
"2780_A G 2 scissors.jpg",24
"2870_O S lion rampant.jpg",36
"3219_A GO eagle ch. crescent.jpg",37
"3265_X O AG bendy sn & pale.jpg",16
"3324_O G lion rampant.jpg",15
"3420_O S eagle.jpg",36
"3451_B A triangle voided and inv, a fleur-de-lis at each corner.jpg",27
"3580_O G fess.jpg",3
"3704_A S qtly.jpg",31
"3744_A S 2 bars.jpg",26
"3792_G A swan.jpg",34
"3852_G A castle.jpg",26
"3984_X G AB barruly & lion cr.jpg",23
"4708_O S eagle doubleheaded.jpg",-2
"2455_G AO 2 swords erect, crusily.jpg",24
"4906_G A bend.jpg",-14
"5234_A S cross forked in base.jpg",30
"5895_A B chief.jpg",35
"6039_G AA lion q.f. cr., billety.jpg",31
"6040_A GB 3 fleurs-de-lis p.n. & label.jpg",16
"6042_A G bend of lozenges.jpg",34
"6052_G O 3 mill-rinds.jpg",23
"6073_O G 3 flanchis.jpg",38
"6075_B O fess.jpg",-21
"6090_G AO fess, roundelly.jpg",-23
"6144_G A barruly.jpg",-29
"6224_B X OG bend chevronny.jpg",54
"6225_A G fess of lozenges.jpg",30
"6234_B AA lion cr., crusily.jpg",26
"6250_G O eagle.jpg",32
"6252_G A lion rampant.jpg",25
"6255_S A wolf-hook.jpg",29
"6279_G A pily-bendy.jpg",32
"6280_G A pily-barry.jpg",28
"6283_G A paly of 4.jpg",25
"6328_A G griffin segreant.jpg",30
"6409_O BG bendy & border.jpg",33
"6478_A G bull statant.jpg",30
"6530_O BG lion, semy of hearts.jpg",32
"6610_O S lion rampant.jpg",46
"6618_O GBA 4 pales & canton ch. mullet.jpg",26
"6641_A G chief.jpg",40
"6651_O S fess.jpg",45
"6673_B OO lion, billety.jpg",40
"6698_O SAG lion passt cr. & border compony.jpg",26
"6702_X AB OG vairy & saltire ch. escutcheon.jpg",30
"6721_G OO cross acc. 4 fire steels.jpg",24
"6754_G A eagle cr.jpg",-33
"6765_A +GO 5 quinas in saltire & border castely.jpg",35
"6789_A G 3 escutcheons.jpg",34
"6844_B O griffin segreant.jpg",36
"6848_B GOS chevron grady masoned & chief ch. lion isst cr.jpg",27
"6866_O SV barruly acc. crancelin.jpg",35
"6872_A G 2 barbels addorsed.jpg",33
"6881_G O lion guard q.f.jpg",46
"6894_O G chief.jpg",7
"6965_O S stag.jpg",19
"7014_O S lozengy.jpg",30
"7045_G O gonfanon.jpg",14
"7107_A BG serpent engorging child.jpg",32
"7212_O G 3 fleurs-de-lis p.n.jpg",23
"7262_A S 2 pales.jpg",31
"7264_O X SG 2 wings.jpg",49
"7276_G OB gem-ring.jpg",30
"7285_O S 3 antlers in pale.jpg",30
"7288_X G OS barruly & lion.jpg",38
"7322_O GA chief ch. mullet.jpg",30
"7414_A G star of 8 pt.jpg",29
"7566_O G lion rampant.jpg",30
"7567_O SV cock on mount.jpg",28
"7569_A G ibex naissant.jpg",31
"7575_O X AG fess checky.jpg",38
"7766_O B dolphin.jpg",0
"8253_ 3 mullets; fess; =; =   {BO, GA}.jpg",33
"8266_O SAG per pale barry & eagle isst.jpg",35
"8267_A GOS per pale eagle isst & barry.jpg",-29
"8268_ lion guard; lion q.f. cr.; =; =  {GO, AG}.jpg",53
"8361_ semy of fleurs-de-lis; 3 lions passt guard; =; =  {BO, GO}.jpg",24
"8668_ lion cr.; paly-bendy; =; =  {SO, AB}.jpg",26
"8921_B OX AG per bend lion & 2 bars.jpg",30
"9036_ barry, plain   {AG, B}.jpg",43
"9238_G A fess dancetty.jpg",31
"9447_B OG gem-ring.jpg",14
"9459_G ZOS 3 pales & chief ch. saltire couped.jpg",71
"9460_A G lion naissant.jpg",40
"9464_B AG bend ch. 3 lozenges.jpg",52
"9473_O SAX AG bend ch. 3 crescents & border compony.jpg",38
"9474_A GB lion naissant cr. & bend.jpg",30
"9504_B AO fess betw 3 mullets.jpg",30
"9516_O S 3 lions passt guard.jpg",26
"9517_A S fess.jpg",32
"9523_B A ibex segreant.jpg",30
"9527_O G 2 staves flory in saltire.jpg",-16
"9531_A G pily-bendy.jpg",32
"9554_O S antler per pale.jpg",-9
"9575_O B 3 lions passt cr.jpg",25
"9579_ castle; lion; =; =  {GO, AP}.jpg",-34
"9640_ cross of Jerusalem; #; barry & lion; ; =    {AO,  B, XG-AB}.jpg",44
"9642_ cross of Jerusalem; barry & lion; lion; =   {AO, XGAB, OG}.jpg",29
"9675_O G antler per pale.jpg",29
"9718_O B fess.jpg",29
"9727_O G 2 bars.jpg",29
"9736_A G pincers in bend.jpg",30
"9747_B A 3 crescents (2 addorsed, 1 turned).jpg",29
"9770_O X GS eagle per pale.jpg",22
"9771_B O eagle.jpg",26
"9775_A G per pale.jpg",33
"9777_O S bull statant.jpg",-23
"9826_B A fess dancetty.jpg",28
"9833_G A barry.jpg",25
"9835_ bend of lozenges; fess acc. saltire; =; =   {AG, OBG}.jpg",25
"9837_G O 3 fleurs-de-lis p.n.jpg",37
"9906_A B lion cr.jpg",38
"9995_ semy of fleurs-de-lis & border compony; lion; lion; =   {BOAG, AG, SO}.jpg",-7
"10025_X OS AG checky & chief ch. eagle doubleheaded.jpg",39
"10037_G A pale.jpg",28
"10055_O G saltire.jpg",31
"10062_A VO chief ch. mount.jpg",27
"10264_A G fess.jpg",33
"10449_G O 2 barbels addorsed.jpg",35
"10451_ per pale; barry & chevron; =; =   {AG, XB-GA}.jpg",36
"10452_O GV doe on terrace.jpg",36
"10453_A G per chevron & 3 wings fesswise cch.jpg",44
"10542_A SA chief ch. 3 lozenges.jpg",32
"10553_A G chevron.jpg",31
"10556_A G 3 roses.jpg",-11
"10570_A GV lion and eagle's claw winged sn.jpg",32
"10577_G A fess crenelated masoned arched.jpg",28
"10586_A VG branch sprouting 3 roses.jpg",27
"10591_B A horseshoe.jpg",-25
"10593_A G 2 talons in saltire.jpg",26
"10599_A G paly of 4.jpg",32
"10607_G A fess.jpg",29
"10617_G AS doorway open.jpg",32
"10633_A SG chicot enflamed per bend.jpg",-16
"10635_G A bendy.jpg",19
"10651_A G lion rampant.jpg",29
"10758_ per pale; eagle; =; =  {AG, OB}.jpg",31
"10930_B AO 3 eagles, semy of flanchis.jpg",19
"11027_ cross of Jerusalem; fess   {AO, GA}.jpg",22
"11033_X S GO barry & lion.jpg",35
"11035_O G bend.jpg",32
"11037_G AV elephant on terrasse.jpg",33
"11043_X S AG per bend checky & plain.jpg",-20
"11044_A G barruly.jpg",27
"11052_A SA woman holdig mitre.jpg",31
"11049_A G qtly.jpg",24
"11058_ lozengy; barry; =; =   {AG, AG}.jpg",-25
"11081_G A tower.jpg",29
"11090_O B 3 escutcheons.jpg",28
"11094_B OG bend & chief.jpg",-31
"11119_O G antler per pale.jpg",32
"11144_A S+ 3 fleurs-de-lis p.n. acc. escutch {Or lion Sa}.jpg",28
"11402_A G arrowhead palewise from bull's attire inv = Odrowaz A.jpg",28
"11405_G A arrowhead palewise from bull's attire inv = Odrowaz A.jpg",29
"11425_ eagle; serpent engorging child; =; =  {OS, ABG}.jpg",33
"11631_A S 3 fleurs-de-lis p.n.jpg",37
"12272_ semy of fleurs-de-lis; dolphin; = ; =    {BO, OB}.jpg",-46
"13424_A GX AB eagle & border nebuly.jpg",19
"13468_S A 5 roundels in saltire.jpg",24
"13876_A GO chief indented ch. lion passt guard.jpg",26
"13928_ 3 roses & chief ch. eagle isst; 2 bars; =; =   {GAOS, AG}.jpg",-26
"13929_G A 3 annulets.jpg",31
"13959_B OX GA per bend lion & barry of 4.jpg",17
"16384_O S 2 eagles in pale.jpg",7
"16385_G A chief.jpg",16
"16389_O G per pale.jpg",0
"16396_O S talbot gorged.jpg",34
"16399_X G AB paly & fess.jpg",18
"16400_B X AG chief paly.jpg",25
"16401_A B chief.jpg",18
"16402_G A unicorn salient.jpg",18
"16403_O G bend radiant.jpg",22
"16428_B OA doe on mount.jpg",25
"16438_S O barry of 4.jpg",27
"16446_A G 2 lions passt guard cr.jpg",30
"16448_O S boar's head.jpg",25
"16467_A VGO rose bush on mount.jpg",27
"16470_A GO bend fretty.jpg",28
"16471_B O harp.jpg",36
"16486_G A doorway open.jpg",28
"16675_ 3 zules; lion; =; =  {OG, AS}.jpg",-27
"16724_O GZ eagle & border.jpg",32
"16726_O G gonfanon.jpg",19
"16775_S AO 3 lozenges in fess & border.jpg",29
"16793_B A wheel.jpg",25
"16794_B O crampon per fess.jpg",26
"16815_O SG monk holding staff and covered cup.jpg",28
"16848_G AG fess ch. 3 annulets.jpg",10
"16852_A B eagle doubleheaded.jpg",33
"16871_O S 3 mallets.jpg",34
"17004_A S bird raising.jpg",26
"17030_G A pale.jpg",-26
"17040_G A per chevron.jpg",28
"17042_G A wolf rampant.jpg",23
"17232_A B pallety.jpg",24
"17242_G X  AG per pale plain & 2 bars.jpg",8
"17271_G A 3 eagles.jpg",25
"17308_O AG pale ch. 3 chevrons.jpg",21
"17401_G A swan.jpg",27
"17411_O SA eagle ch. crescent.jpg",21
"17415_O S 3 antlers in pale.jpg",26
"17567_S A 3 eagles.jpg",34
"17568_V O chief.jpg",27
"17735_S A 2 staves flory in saltire.jpg",25
"17737_S AO lion cr., billety.jpg",149
"17766_A S horseshoe.jpg",5
"17789_B O griffin segreant.jpg",32
"17987_B OG 3 fleurs-de-lis & label.jpg",36
"17987_B OG 3 fleurs-de-lis & label.jpg",36
"18014_B AOO fess acc. moon and sun faces in chf.jpg",-4
"18038_A S pale.jpg",23
"18098_O S eagle per fess.jpg",29
"18109_S X AG bend per pale.jpg",27
"18112_A SG horse saillant saddled.jpg",-8
"18159_A S talbot rampant.jpg",22
"18165_A S ibex segreant.jpg",16
"18211_G A per pale & cock cch.jpg",29
"18218_O SA chief ch. mullet.jpg",-23
"18219_O B chevronny of 4.jpg",-26
"18220_A S lion rampant.jpg",27
"18221_B AG tierced per fess.jpg",25
"18222_O S ibex attire.jpg",-29
"18223_G AS tierced per fess.jpg",-29
"18228_V O qtly.jpg",30
"18229_B OG bend ch. 3 mullets.jpg",29
"18231_B OA 3 mullets & chief.jpg",25
"18234_B O bull's head.jpg",27
"18236_A S lion guard cr.jpg",26
"18237_A G 2 rakes in saltire.jpg",28
"18238_A S cauldron.jpg",-33
"18239_A B barry.jpg",-33
"18242_O S 2 wings.jpg",-33
"18243_O S monk.jpg",30
"18246_S O per pale.jpg",28
"18248_S O qtly.jpg",-32
"18249_A GB cup cloth-covered above mount.jpg",27
"18250_B O bull's face.jpg",29
"18252_G O pitcher.jpg",23
"18253_G A 3 keys sawlike in bend.jpg",27
"18255_X V GA per bend sn & popinjay.jpg",28
"18256_G A per pale.jpg",29
"18257_A G bull's attire.jpg",32
"18258_B OG gem-ring.jpg",23
"18259_B O 2 axes addorsed.jpg",31
"18264_B AO castle acc. horseshoes in chf.jpg",27
"18268_O GA per pale plain & fess.jpg",32
"18270_X O SA qtly & fess.jpg",26
"18274_G A talbot's head collared.jpg",27
"18276_G A rake.jpg",27
"18278_V AG per pale fess & plain.jpg",30
"18280_G A ram salient.jpg",30
"18282_A SO bend ch. 3 roundels.jpg",27
"18286_A G crescent.jpg",26
"18289_A V elm leaf inv.jpg",27
"18291_B AG greyhound salient & border.jpg",27
"18292_B A 2 wings.jpg",28
"18302_O X GA 3 ibex horns compony in pale.jpg",28
"18303_O S bear rampant.jpg",33
"18303_O S bear rampant.jpg",33
"18304_S O chevron.jpg",29
"18309_O S yoke per bend.jpg",25
"18311_A G 3 chevrons.jpg",31
"18312_A GG fess cotised.jpg",32
"18313_G AA chevronny of 4 & border.jpg",28
"18314_B X GO chief paly.jpg",32
"18315_A GA chief ch. arm vested.jpg",27
"18316_S A per pale & fess cch.jpg",29
"18318_G A per fess & 3 roses cch.jpg",29
"18322_B A chief.jpg",27
"18325_A S antler per pale.jpg",30
"18330_B A wing.jpg",25
"18331_A S bull's face.jpg",-29
"18333_A B paly of 4.jpg",-29
"18334_A G paly.jpg",29
"18339_A S cauldron.jpg",-26
"18341_G A per fess & lion cch.jpg",29
"18345_A SO bend ch. 3 roundels.jpg",-30
"18346_S A ibex horn.jpg",27
"18349_O BO bend ch. 3 annulets.jpg",28
"18357_G AO lion with hat.jpg",28
"18359_A S cauldron.jpg",29
"18362_G A 2 swords erect.jpg",29
"18363_G AS chief ch. eagle isst.jpg",28
"18369_A B barry.jpg",31
"18371_B A wheel-block with spokes.jpg",25
"18374_O V barry.jpg",25
"18375_A S per bend.jpg",24
"18376_G O qtly.jpg",28
"18377_S A per pale.jpg",27
"18378_S A bend.jpg",27
"18379_G OA fess acc. estoile in chf.jpg",26
"18381_X V AG per bend & popinjay.jpg",31
"18383_S O wheel.jpg",28
"18384_A S bull's head.jpg",-24
"18385_G A chevron.jpg",22
"18387_B O bear's face.jpg",-27
"18389_A GB ibex attire & terrace.jpg",29
"18390_O S horse's head.jpg",29
"18391_X A SG per bend & pile isst base sn.jpg",29
"18394_O S bendy.jpg",29
"18403_G X OB per pale plain & lozengy.jpg",24
"18404_G AO window.jpg",26
"18405_A B pily-paly.jpg",27
"18406_B OO per pale lion & plain.jpg",29
"18414_A S horse saillant.jpg",25
"18415_G O 3 shuttles in pale.jpg",26
"18416_B O chief.jpg",25
"18417_S O annulet.jpg",31
"18421_G A goose.jpg",30
"18422_G BA bend ch. fish.jpg",30
"18433_G X AG chief checky.jpg",29
"18434_A G 3 mullets.jpg",31
"18440_G X AS 3 reed maces in fess.jpg",29
"18441_G O bugle-horn stringed.jpg",30
"18442_ per pale; serpent engorging child; anchor inv; barry & chevron  {AG, OSG, GA, XB-GA}.jpg",6
"18451_G A fish winged in bend.jpg",30
"18458_A GG falcon rising from saltire in base.jpg",23
"18467_A S per chevron.jpg",26
"18469_A S 3 scissors per bend.jpg",26
"18484_A G bend.jpg",26
"18504_G AG fess ch. 3 roundels.jpg",29
"18507_A V per pale.jpg",36
"18527_O SG moor holding flower.jpg",26
"18532_A B barry of 4.jpg",32
"18535_B A unicorn salient.jpg",29
"18549_A S ibex horn.jpg",37
"18554_A G castle.jpg",31
"18563_A G 3 axes.jpg",33
"18579_B AO wing & canton.jpg",-23
"18587_G A fish embowed.jpg",26
"18606_G A annulet.jpg",28
"18624_G O 3 cups cloth-covered.jpg",32
"18629_A BG barry & label.jpg",30
"18632_A S fretty.jpg",26
"18643_O S fess.jpg",28
"18649_A S 2 bars dancetty.jpg",35
"18650_S O 2 bars.jpg",24
"18730_O G wolf-hook in bend.jpg",38
"18770_A G eagle's head winged.jpg",-27
"18820_A GOS pale ch. grillet acc. kufian text.jpg",-35
"18848_G AO eagle ch. crescent.jpg",-17
"18858_G A 2 keys in saltire.jpg",28
"18885_O S 3 lions passt guard.jpg",-17
"18886_B A per pale & barruly cch.jpg",-25
"18920_ barry; lion q.f.; =; =  {OS, GA}.jpg",35
"18930_G SA pale chevronny.jpg",19
"19020_A S chevron acc. chevron crenelated enhanced.jpg",-23
"19023_G A 2 sword inv per saltire.jpg",-24
"19031_S O 2 staves flory in saltire.jpg",25
"19250_O G castle.jpg",-26
"19297_G OAB lion cr. & border compony.jpg",22
"19330_ 2 lions passt guard; lion, semy of hearts; =; =  {GO, OBG}.jpg",12
"19342_G A eagle.jpg",35
"19404_G O barry of 4.jpg",25
"19484_G AAG per pale eagle isst & barry.jpg",26
"19496_ sun on mount; 3 lion passt guard; =; =   {BOS, OS}.jpg",19
"19499_O G per pale.jpg",30
"19502_ stag passt, 2 barbels affronted; = ; =   {OS, AG}.jpg",24
"19554_O S 3 yokes in pale.jpg",28
"19557_A G bendy.jpg",27
"19572_O G per bend.jpg",27
"19580_A V mount couped.jpg",-26
"19615_O SOS per pale  eagle isst & fess.jpg",23
"19665_O S 2 chicots in saltire.jpg",-25
"19679_A G lion rampant.jpg",29
"19696_A B 2 chicots in saltire.jpg",28
"19733_ bend; eagle; =; =  {GA, GO}.jpg",23
"19734_B AO lion cr., crusily.jpg",31
"19776_O SG lion acc. fess.jpg",27
"19811_G A bendy of 4.jpg",29
"19821_A B barry.jpg",29
"19822_A VGG rose bush on mount.jpg",28
"19854_A S cock.jpg",26
"19859_X O AS per pale & fess.jpg",31
"19887_G AO rose & border.jpg",29
"19955_O G per bend.jpg",28
"19958_O S swan.jpg",29
"19967_G A 3 axes.jpg",30
"19971_X BO AG per pale lozengy & lion.jpg",33
"19976_G A per bend & 2 arrows bendwise cch.jpg",32
"19997_B A cross.jpg",26
"19999_A B 3 bends.jpg",25
"20011_G AV bend ch. 3 water lily leaves.jpg",25
"20037_G AS tierced per chevron.jpg",32
"20050_A SG pily-paly of 3 acc. 3 martlets in chf.jpg",27
"20056_G AA per pale 3 boathooks per bend sn & plain.jpg",29
"20057_A GS tierced per fess.jpg",26
"20058_O X AB chief per pale.jpg",-29
"20060_B A 2 crescents addorsed.jpg",24
"20061_A G checky of 9.jpg",24
"20071_A G fess dancetty.jpg",32
"20097_A GG qtly acc. rose slipped in chf dx.jpg",32
"20098_B O per bend.jpg",26
"20100_X O AB paly of 4 & bend.jpg",27
"20102_G A 3 roundels.jpg",-30
"20122_B A lion cr.jpg",29
"20136_A G bull's attire.jpg",31
"20149_O S lion rampant.jpg",28
"20235_G A chevron crenelated.jpg",28
"20246_G A dragon's head.jpg",32
"20268_G A 2 herons collared by crowns.jpg",30
"20350_O SA roundel ch. estoile.jpg",-27
"20381_X G AB lozengy & fess.jpg",27
"20390_G A bend.jpg",31
"20419_A G gironny.jpg",-28
"20420_G A pile isst base sn.jpg",-32
"20433_O VS popinjay acc. estoile in chf sn.jpg",30
"20441_B O increscent.jpg",-32
"20527_X GS AO per pale & eagle per pale.jpg",-26
"20548_B AO swan & border.jpg",27
"20574_O S 2 chicots in saltire.jpg",-1
"20682_S X AO lion hooded.jpg",21
"20687_O B per pale.jpg",35
"20705_G VA per pale plain & fess.jpg",34
"20773_A G 2 lions passt.jpg",26
"20808_S O fleur-de-lis.jpg",30
"20810_O SS fess betw 3 roundels.jpg",-28
"20885_ lion; 2 bars embattled-counterembattled; = ; =  {AG, GA}.jpg",0
"21282_S A chief.jpg",30
"21389_A G barry of 4.jpg",-23
"23514_B AGO bend ch. 3 lozenges (on 1st annulet).jpg",49
"25016_B O crown.jpg",25
"26757_ 3 fleurs-de-lis & border indented compony; eagle; =; =    {BOAG, BO}.jpg",32
"26868_B OO cross & border.jpg",32
"26869_E G griffin segreant.jpg",25
"26870_B A+ 3 lozenges in fess ch. escutch {Az 3 lozenges in fess Ar}.jpg",22
"26871_A GOO chief ch. 2 roses & border.jpg",22
"26873_G O 3 thistles.jpg",28
"26874_B A 3 bends.jpg",31
"26876_ cross; fess; =; =   {AS, OS}.jpg",34
"26877_ wheel; pq[lion guard; lion; =; =]; =; =   {GA; GA, AG}.jpg",29
"26887_ cockatrice; per fess rompu sn; =; =   {BA; AG}.jpg",24
"26893_B AO per pale lion cr. & plain.jpg",32
"26895_A N 2 boathook irons in saltire.jpg",28
"26901_G X AB fess lozengy.jpg",-23
"26912_B OA bend sn & canton.jpg",26
"26915_B O eagle cr.jpg",-45
"26917_O S moorcock.jpg",28
"26919_B A duck.jpg",28
"26921_ 3 chevrons crenelated; shovel per bend; =; =   {AG, BO}.jpg",32
"26922_S A qtly.jpg",33
"26923_G AO 3 waterlily leaves inv & chief.jpg",23
"26933_B OA estoile on mount.jpg",30
"26938_G AG qtly acc. rose slipped in chf sn.jpg",26
"26939_A GV 3 roses slipped.jpg",27
"26942_G A per pale & 2 axes addorsed cch.jpg",28
"26951_X G AB checky & fess.jpg",28
"26952_A B per chevron inv.jpg",27
"27110_G AS chief ch. bend.jpg",29
"27471_G OS fretty nailed.jpg",20
"27571_S A fess.jpg",-20
"28200_S A 3 greyhounds courant in pale.jpg",-4
"28260_S O bend.jpg",32
"28263_G S ram's face.jpg",33
"28266_B A 3 cocks.jpg",27
"28723_A B lion cr.jpg",29
"28761_A GO lion stat on mount.jpg",16
"29475_A S hat (unspec.).jpg",-27
"29514_O S wolf's head.jpg",27
"29529_A G stag's face.jpg",-27
"29534_G A bendy.jpg",27
"29535_G A ibex' head.jpg",25
"29543_A S crampon per fess.jpg",29
"29608_A SG bend embowed acc. 2 estoiles.jpg",26
"29614_A S 3 roundels.jpg",28
"29633_A S per pale & 2 axes addorsed cch.jpg",28
"29647_O G rose.jpg",30
"29663_O G fool's head with belled bonnet.jpg",27
"29676_A BG per pale barry of 4 & plain.jpg",24
"29677_B A chief.jpg",29
"29695_O G ibex statant.jpg",26
"29700_V O chief.jpg",29
"29703_O G 2 boathook irons addorsed.jpg",32
"29704_B A 2 gambs in saltire.jpg",27
"29922_B A per saltire.jpg",47
"31361_O GAS saltire & border semy of  flanchis.jpg",37
"31362_G AB chief per pale & 3 mullets cch.jpg",38
"31371_G A branch with 3 oak leaves erect.jpg",7
"31373_A O lion holding arrow piercing its head.jpg",29
"31375_A S harpoon iron in bend.jpg",28
"31376_S AAG fretty & chief ch. 2 roses.jpg",24
"31378_S A griffin segreant.jpg",28
"31380_S G per pale.jpg",31
"31390_A S rose.jpg",28
"31391_A SG griffin on mount.jpg",27
"31392_X A GS per fess & estoile.jpg",30
"31399_G A 2 maces in saltire.jpg",28
"31400_G NA cloud isst arm holding flower.jpg",21
"31405_G A arrowhead on hoof in bend.jpg",31
"31406_A G 3 wolf-hooks.jpg",29
"31408_S AA chevron, billety.jpg",23
"31412_O V tree.jpg",23
"31416_A G dragon with eagle's wings.jpg",40
"31431_B OG bend ch. 3 chevrons.jpg",25
"31437_B AG basket of fruit.jpg",23
"31444_G AO eagle & border.jpg",25
"31447_G A castle with gate.jpg",31
"31459_G A bend.jpg",31
"31461_A G per pale & 2 crescents addorsed cch.jpg",29
"31468_A VG volcano.jpg",27
"31469_O S bend.jpg",26
"31479_G A 3 stones in bend.jpg",32
"31480_A S barruly.jpg",28
"31484_G A checky of billets.jpg",28
"31485_A G per chevron grady inv.jpg",23
"31486_A GGA per pale antler & bull's horn = Rogala B.jpg",24
"31494_O A cross botonny.jpg",1
"31498_G AS tierced per fess.jpg",43
"31501_O G castle.jpg",-32
"31509_X G  OB barruly & pale.jpg",34
"31510_B O rose.jpg",41
"31511_O GA bend ch. 3 roses.jpg",36
"31512_S A 3 leopards' heads cr.jpg",30
"31517_G ZO saltire & chief.jpg",32
"31520_B O buckle.jpg",30
"31521_O X AB per chevron plain & lozengy.jpg",34
"31522_G X AB 2 bars checky.jpg",31
"31523_B OG gem-ring.jpg",-36
"31524_B O 4 fleurs-de-lis from edges inwards.jpg",41
"31525_X GA AB demi-gironny & chief ch. 2 roses.jpg",37
"31526_O G 2 lobster's claws in pale.jpg",27
"31527_B O 3 arrowheads.jpg",34
"31528_B A 3 eagle's heads.jpg",29
"31529_A G bend dancetty.jpg",37
"31532_A B barry.jpg",27
"31534_G OB tierced per bend.jpg",40
"31535_B O 3 roundels.jpg",38
"31536_V X GS 2 bars.jpg",41
"31538_B O fish bendwise.jpg",40
"31540_X O AB demi-gironny & chief.jpg",31
"31541_X G OS checky & cross.jpg",34
"31544_O S talbot's head.jpg",24
"31546_O SA pale ch. 3 roses.jpg",34
"31547_O T bird.jpg",34
"31548_G X AS lion checky cr.jpg",30
"31549_O S chief.jpg",-1
"31550_G A book ch. letters.jpg", 24
"31551_A S pouch.jpg",2
"31552_A SGO iron grate & border ch. roses.jpg",-2
"31553_S AG tierced per fess.jpg",39
"31554_O BA fess ch. 2 roses.jpg",33
"31555_O G qtly.jpg",33
"31556_B OO human head with hat.jpg",32
"31559_A B bend.jpg",25
"31561_B O viol per bend.jpg",29
"31562_O S bear's head.jpg",37
"31563_O GV elm branch with 3 leaves erect.jpg",28
"31564_O BX GA per saltire ch. 4 roses.jpg",28
"31565_B O per chevron flory at top.jpg",26
"31567_O V wolf's head.jpg",55
"31568_G A eagle with eagle's heads on both wingstips.jpg",33
"31569_O B bluebell.jpg",48
"31570_B OG chief ch. rose.jpg",34
"31571_O S griffin isst.jpg",31
"31572_O G sickle.jpg",34
"31574_A VSG serpent coiled betw pincers dx and hammer sn.jpg",44
"31575_A G bell frame.jpg",37
"31576_V O queen's face.jpg",50
"31577_O BG 2 piles each tipped with a rose.jpg",18
"31578_A G 2 piles each tipped with a bluebell.jpg",36
"31579_O GB helmet with crest of wings decorated.jpg",34
"31685_ elm branch; coultre; =; =  {AV, GA}.jpg",-22
"31686_A S fess.jpg",27
"31690_A G 2 scissors per pale.jpg",-21
"31691_A S per pale & fleur-de-lis cch.jpg",-23
"31692_A S chief.jpg",26
"31700_S A qtly.jpg",23
"31701_O G 2 bends.jpg",-24
"31722_A G 3 roses in bend.jpg",-24
"31723_O GA bend fimbriated.jpg",27
"31724_V A bull's attire.jpg",15
"31733_B A cock's head.jpg",28
"31734_S A stork doubleheaded.jpg",28
"31756_A G barruly.jpg",28
"31757_A G 3 axes.jpg",28
"31758_O B fess.jpg",29
"31760_O S fleur-de-lis.jpg",28
"31766_A GS 2 ibex horns affronted on mount.jpg",28
"31816_A S bird.jpg",-28
"31817_A B barruly.jpg",-24
"31862_A SG fess ch. 3 roundels.jpg",30
"31863_G AS 2 bends & chief.jpg",27
"31864_S O per pale & 2 scythe-blades addorsed cch.jpg",27
"31865_A S 3 lozenges in bend.jpg",28
"31879_O A per pale.jpg",30
"31885_S AG chief ch. 3 lozenges.jpg",29
"31887_S A lion cr.jpg",29
"31888_O S per pale & 2 antlers per pale cch.jpg",30
"31889_B A per pale & escutcheon cch.jpg",31
"31913_ per pale; serpent; =; =   {GA, OS}.jpg",-24
"31914_ barruly; anchor inv.; =; =    {GA, GA}.jpg",25
"31916_ 3 lion's heads cr; per chevron & 3 wings fesswise cch; =; =   {SA, AG}.jpg",-27
"31917_ lobster; per pale eagle isst & bendy  {AG, OS-AG}.jpg",-20
"31918_S OG chief ch. 2 roses.jpg",25
"31919_S A qtly.jpg",26
"31920_O S cock.jpg",22
"31921_O S mount couped.jpg",25
"31922_S O ostrich biting horseshoe.jpg",-24
"31923_O G chevron.jpg",28
"31930_O VO bendy semy of mullets.jpg",22
"31931_ checky of 9; plain; =; =   {AS, G}.jpg",19
"31932_O G per fess & 2 bellows cch.jpg",19
"31933_S A per fess & stag's face cch.jpg",6
"31936_A S eagle's head.jpg",26
"31941_A G lion cr.jpg",31
"31942_A S lion rampant.jpg",29
"31943_S AO arrowhead in bend & border.jpg",31
"31944_A G capuchon.jpg",28
"31946_A GG 3 roundels in bend & border.jpg",28
"31961_S O fess.jpg",27
"31968_A SG lion holding trunk.jpg",29
"31969_X OA GS per fess & fess acc. mullet in chf.jpg",28
"31971_B OO 2 axes addorsed above mount.jpg",31
"31977_A G per pale & border cch.jpg",27
"31978_A BG cross acc. mullet sn.jpg",32
"31979_B X AG chevron checky.jpg",32
"31981_A G 3 roses.jpg",28
"31982_G A rake inv.jpg",29
"31984_B X AG rose double.jpg",27
"31985_A S bull salient.jpg",27
"31986_O G 2 staves flory in saltire.jpg",29
"31988_B A 2 wings.jpg",-26
"31989_G A ibex naissant.jpg",-25
"31990_S A 3 wolf-hooks in pale.jpg",29
"32001_O G arrowhead fitchy.jpg",26
"32002_G X AS lion per fess.jpg",2
"32003_G NA basket of eggs.jpg",-22
"32004_B OA fess acc. 6 lozenges.jpg",22
"32005_G A per pale & pale of lozenges cch.jpg",-29
"32006_A B fess.jpg",-29
"32008_A S moor's head.jpg",-29
"32009_A SG bend ch. 3 annulets.jpg",32
"32011_A B bust of king.jpg",27
"32012_A SOO cat rampant cr. chained on mount.jpg",27
"32013_B A lion rampant.jpg",27
"32014_B O 2 pales.jpg",26
"32017_A GV 3 poppy heads in fess on mount.jpg",30
"32018_O B per bend nebuly sn.jpg",28
"32026_G AO mullet & chief.jpg",29
"32035_A V per chevron & 3 mullets cch.jpg",26
"32038_S AO 3 spoons hanging from a rail.jpg",-30
"32044_A SG fess betw 3 roundels.jpg",32
"32219_O G lobster.jpg",17
"32222_G OA harp & border crenelated.jpg",55
"32223_B O sun in splendour.jpg",-52
"32265_G O per pale.jpg",-25
"32268_G O bend sn.jpg",27
"32269_O G bendy sn.jpg",27
"32275_B OSV board nailed with 2 rods tipped with tuft of cock feathers on mount.jpg",9
"32276_S O 3 chicots in pale.jpg",-7
"32277_A GO fess ch. mullet.jpg",9
"32278_S OV 2 flails addorsed acc. mount in base.jpg",-13
"32279_A B per pale enclaved dx.jpg",4
"32280_A G hand aversant.jpg",9
"32281_A SG eagle's head on mount.jpg",12
"32292_A OS crown with wolf isst.jpg",30
"32331_A GV chevron tipped with elm leaf.jpg",31
"32418_A S cock.jpg",31
"32463_O G 2 pales.jpg",30
"32889_B AB bend ch. 3 roses.jpg",28
"32943_A S ibex' head.jpg",28
"33002_A G per pale.jpg",-26
"33364_A S ibex naissant.jpg",-9
"33398_A B barruly.jpg",27
"33538_A S donkey's head.jpg",30
"33542_B A unicorn salient.jpg",27
"33545_ ps[eagle, paly of 4   {AG, OG}].jpg",28
"34748_O X GV griffin barry segreant.jpg",35
